active_days,user_count,avg_revenue
1,3774,80.492050874403844
2,259,192.2586872586873
3,28,230.28571428571428
4,5,429.0